<?xml version="1.0" encoding="UTF-8"?>
<export version="D">
  <design>
    <source>C:\Users\Yuki\Desktop\machine\プリント基板\マイクロマウスハーフ\Zirconia\Zirconia.sch</source>
    <date>2018/10/30 22:12:59</date>
    <tool>Eeschema (5.0.1)-3</tool>
    <sheet number="1" name="/" tstamps="/">
      <title_block>
        <title/>
        <company/>
        <rev/>
        <date>23 dec 2015</date>
        <source>Zirconia.sch</source>
        <comment number="1" value=""/>
        <comment number="2" value=""/>
        <comment number="3" value=""/>
        <comment number="4" value=""/>
      </title_block>
    </sheet>
  </design>
  <components>
    <comp ref="D5">
      <value>LED</value>
      <footprint>Zirconia:chip1608</footprint>
      <libsource lib="Zirconia-rescue" part="LED-RESCUE-Fantom" description=""/>
      <sheetpath names="/" tstamps="/"/>
      <tstamp>567A9C4F</tstamp>
    </comp>
    <comp ref="R20">
      <value>1k</value>
      <footprint>Zirconia:chip1608</footprint>
      <libsource lib="Zirconia-rescue" part="R-RESCUE-Fantom" description=""/>
      <sheetpath names="/" tstamps="/"/>
      <tstamp>567A9C4E</tstamp>
    </comp>
    <comp ref="U4">
      <value>STM32F411CEU6</value>
      <footprint>Zirconia:STM32F411CEU6</footprint>
      <libsource lib="Zirconia-rescue" part="STM32F411CEU6" description=""/>
      <sheetpath names="/" tstamps="/"/>
      <tstamp>56481884</tstamp>
    </comp>
    <comp ref="P4">
      <value>CONN_1</value>
      <footprint>Zirconia:motor_pin</footprint>
      <libsource lib="Zirconia-rescue" part="CONN_1" description=""/>
      <sheetpath names="/" tstamps="/"/>
      <tstamp>52C2184F</tstamp>
    </comp>
    <comp ref="P3">
      <value>CONN_1</value>
      <footprint>Zirconia:motor_pin</footprint>
      <libsource lib="Zirconia-rescue" part="CONN_1" description=""/>
      <sheetpath names="/" tstamps="/"/>
      <tstamp>52C21849</tstamp>
    </comp>
    <comp ref="C17">
      <value>0.1μ50V</value>
      <footprint>Zirconia:chip1608</footprint>
      <libsource lib="Zirconia-rescue" part="C-RESCUE-Fantom" description=""/>
      <sheetpath names="/" tstamps="/"/>
      <tstamp>52C02A77</tstamp>
    </comp>
    <comp ref="C16">
      <value>0.1μ</value>
      <footprint>Zirconia:chip1608</footprint>
      <libsource lib="Zirconia-rescue" part="C-RESCUE-Fantom" description=""/>
      <sheetpath names="/" tstamps="/"/>
      <tstamp>52C02A74</tstamp>
    </comp>
    <comp ref="U8">
      <value>MPU6500</value>
      <footprint>Zirconia:MPU6500</footprint>
      <libsource lib="Zirconia-rescue" part="MPU6500" description=""/>
      <sheetpath names="/" tstamps="/"/>
      <tstamp>52C00EAC</tstamp>
    </comp>
    <comp ref="C12">
      <value>10μ</value>
      <footprint>Zirconia:chip1608</footprint>
      <libsource lib="Zirconia-rescue" part="C-RESCUE-Fantom" description=""/>
      <sheetpath names="/" tstamps="/"/>
      <tstamp>52BFBEB0</tstamp>
    </comp>
    <comp ref="C3">
      <value>100μ</value>
      <footprint>Zirconia:chip3216</footprint>
      <libsource lib="Zirconia-rescue" part="C-RESCUE-Fantom" description=""/>
      <sheetpath names="/" tstamps="/"/>
      <tstamp>52BFAF94</tstamp>
    </comp>
    <comp ref="P5">
      <value>CHRG&amp;USART</value>
      <footprint>Zirconia:SH_4pin</footprint>
      <libsource lib="Zirconia-rescue" part="CONN_4" description=""/>
      <sheetpath names="/" tstamps="/"/>
      <tstamp>52BF788F</tstamp>
    </comp>
    <comp ref="L2">
      <value>47μH</value>
      <footprint>Zirconia:Inductor</footprint>
      <libsource lib="Zirconia-rescue" part="INDUCTOR" description=""/>
      <sheetpath names="/" tstamps="/"/>
      <tstamp>508278A8</tstamp>
    </comp>
    <comp ref="C15">
      <value>10μ</value>
      <footprint>Zirconia:chip1608</footprint>
      <libsource lib="Zirconia-rescue" part="C-RESCUE-Fantom" description=""/>
      <sheetpath names="/" tstamps="/"/>
      <tstamp>507516F9</tstamp>
    </comp>
    <comp ref="C10">
      <value>10μ</value>
      <footprint>Zirconia:chip1608</footprint>
      <libsource lib="Zirconia-rescue" part="C-RESCUE-Fantom" description=""/>
      <sheetpath names="/" tstamps="/"/>
      <tstamp>4F3BCAA3</tstamp>
    </comp>
    <comp ref="C9">
      <value>10μ</value>
      <footprint>Zirconia:chip1608</footprint>
      <libsource lib="Zirconia-rescue" part="C-RESCUE-Fantom" description=""/>
      <sheetpath names="/" tstamps="/"/>
      <tstamp>4F3BCA9B</tstamp>
    </comp>
    <comp ref="C7">
      <value>10μ</value>
      <footprint>Zirconia:chip1608</footprint>
      <libsource lib="Zirconia-rescue" part="C-RESCUE-Fantom" description=""/>
      <sheetpath names="/" tstamps="/"/>
      <tstamp>4F3BCA8C</tstamp>
    </comp>
    <comp ref="C2">
      <value>10μ</value>
      <footprint>Zirconia:chip1608</footprint>
      <libsource lib="Zirconia-rescue" part="C-RESCUE-Fantom" description=""/>
      <sheetpath names="/" tstamps="/"/>
      <tstamp>4F3BCA7A</tstamp>
    </comp>
    <comp ref="C8">
      <value>0.1μ</value>
      <footprint>Zirconia:chip1608</footprint>
      <libsource lib="Zirconia-rescue" part="C-RESCUE-Fantom" description=""/>
      <sheetpath names="/" tstamps="/"/>
      <tstamp>4F28D33B</tstamp>
    </comp>
    <comp ref="R19">
      <value>10k</value>
      <footprint>Zirconia:chip1608</footprint>
      <libsource lib="Zirconia-rescue" part="R-RESCUE-Fantom" description=""/>
      <sheetpath names="/" tstamps="/"/>
      <tstamp>4F24F403</tstamp>
    </comp>
    <comp ref="R18">
      <value>10k</value>
      <footprint>Zirconia:chip1608</footprint>
      <libsource lib="Zirconia-rescue" part="R-RESCUE-Fantom" description=""/>
      <sheetpath names="/" tstamps="/"/>
      <tstamp>4F24F3FE</tstamp>
    </comp>
    <comp ref="P7">
      <value>Actuator</value>
      <footprint>Zirconia:Mot_mount</footprint>
      <libsource lib="Zirconia-rescue" part="CONN_2" description=""/>
      <sheetpath names="/" tstamps="/"/>
      <tstamp>4D991100</tstamp>
    </comp>
    <comp ref="R15">
      <value>1k</value>
      <footprint>Zirconia:chip1608</footprint>
      <libsource lib="Zirconia-rescue" part="R-RESCUE-Fantom" description=""/>
      <sheetpath names="/" tstamps="/"/>
      <tstamp>4D226D61</tstamp>
    </comp>
    <comp ref="R12">
      <value>1k</value>
      <footprint>Zirconia:chip1608</footprint>
      <libsource lib="Zirconia-rescue" part="R-RESCUE-Fantom" description=""/>
      <sheetpath names="/" tstamps="/"/>
      <tstamp>4D226D5C</tstamp>
    </comp>
    <comp ref="R9">
      <value>1k</value>
      <footprint>Zirconia:chip1608</footprint>
      <libsource lib="Zirconia-rescue" part="R-RESCUE-Fantom" description=""/>
      <sheetpath names="/" tstamps="/"/>
      <tstamp>4D226D58</tstamp>
    </comp>
    <comp ref="R6">
      <value>1k</value>
      <footprint>Zirconia:chip1608</footprint>
      <libsource lib="Zirconia-rescue" part="R-RESCUE-Fantom" description=""/>
      <sheetpath names="/" tstamps="/"/>
      <tstamp>4D226D2F</tstamp>
    </comp>
    <comp ref="D2">
      <value>OSI5FU3A11C</value>
      <footprint>Zirconia:OSI5FU3A11C</footprint>
      <libsource lib="Zirconia-rescue" part="LED-RESCUE-Fantom" description=""/>
      <sheetpath names="/" tstamps="/"/>
      <tstamp>4D218273</tstamp>
    </comp>
    <comp ref="D3">
      <value>OSI5FU3A11C</value>
      <footprint>Zirconia:OSI5FU3A11C</footprint>
      <libsource lib="Zirconia-rescue" part="LED-RESCUE-Fantom" description=""/>
      <sheetpath names="/" tstamps="/"/>
      <tstamp>4D218270</tstamp>
    </comp>
    <comp ref="D4">
      <value>OSI5FU3A11C</value>
      <footprint>Zirconia:OSI5FU3A11C</footprint>
      <libsource lib="Zirconia-rescue" part="LED-RESCUE-Fantom" description=""/>
      <sheetpath names="/" tstamps="/"/>
      <tstamp>4D21826D</tstamp>
    </comp>
    <comp ref="R14">
      <value>10</value>
      <footprint>Zirconia:chip1608</footprint>
      <libsource lib="Zirconia-rescue" part="R-RESCUE-Fantom" description=""/>
      <sheetpath names="/" tstamps="/"/>
      <tstamp>4D218029</tstamp>
    </comp>
    <comp ref="Q7">
      <value>IRLML6344TRPBFTR</value>
      <footprint>Zirconia:IRLML6344TRPbF</footprint>
      <libsource lib="Zirconia-rescue" part="MOSFET_N" description=""/>
      <sheetpath names="/" tstamps="/"/>
      <tstamp>4D218028</tstamp>
    </comp>
    <comp ref="R13">
      <value>100k</value>
      <footprint>Zirconia:chip1608</footprint>
      <libsource lib="Zirconia-rescue" part="R-RESCUE-Fantom" description=""/>
      <sheetpath names="/" tstamps="/"/>
      <tstamp>4D218027</tstamp>
    </comp>
    <comp ref="R16">
      <value>100k</value>
      <footprint>Zirconia:chip1608</footprint>
      <libsource lib="Zirconia-rescue" part="R-RESCUE-Fantom" description=""/>
      <sheetpath names="/" tstamps="/"/>
      <tstamp>4D218022</tstamp>
    </comp>
    <comp ref="Q8">
      <value>IRLML6344TRPBFTR</value>
      <footprint>Zirconia:IRLML6344TRPbF</footprint>
      <libsource lib="Zirconia-rescue" part="MOSFET_N" description=""/>
      <sheetpath names="/" tstamps="/"/>
      <tstamp>4D218021</tstamp>
    </comp>
    <comp ref="R17">
      <value>10</value>
      <footprint>Zirconia:chip1608</footprint>
      <libsource lib="Zirconia-rescue" part="R-RESCUE-Fantom" description=""/>
      <sheetpath names="/" tstamps="/"/>
      <tstamp>4D218020</tstamp>
    </comp>
    <comp ref="R11">
      <value>10</value>
      <footprint>Zirconia:chip1608</footprint>
      <libsource lib="Zirconia-rescue" part="R-RESCUE-Fantom" description=""/>
      <sheetpath names="/" tstamps="/"/>
      <tstamp>4D218011</tstamp>
    </comp>
    <comp ref="Q6">
      <value>IRLML6344TRPBFTR</value>
      <footprint>Zirconia:IRLML6344TRPbF</footprint>
      <libsource lib="Zirconia-rescue" part="MOSFET_N" description=""/>
      <sheetpath names="/" tstamps="/"/>
      <tstamp>4D218010</tstamp>
    </comp>
    <comp ref="R10">
      <value>100k</value>
      <footprint>Zirconia:chip1608</footprint>
      <libsource lib="Zirconia-rescue" part="R-RESCUE-Fantom" description=""/>
      <sheetpath names="/" tstamps="/"/>
      <tstamp>4D21800F</tstamp>
    </comp>
    <comp ref="R7">
      <value>100k</value>
      <footprint>Zirconia:chip1608</footprint>
      <libsource lib="Zirconia-rescue" part="R-RESCUE-Fantom" description=""/>
      <sheetpath names="/" tstamps="/"/>
      <tstamp>4D217EDB</tstamp>
    </comp>
    <comp ref="Q5">
      <value>IRLML6344TRPBFTR</value>
      <footprint>Zirconia:IRLML6344TRPbF</footprint>
      <libsource lib="Zirconia-rescue" part="MOSFET_N" description=""/>
      <sheetpath names="/" tstamps="/"/>
      <tstamp>4D217E3B</tstamp>
    </comp>
    <comp ref="D9">
      <value>LED</value>
      <footprint>Zirconia:chip1608</footprint>
      <libsource lib="Zirconia-rescue" part="LED-RESCUE-Fantom" description=""/>
      <sheetpath names="/" tstamps="/"/>
      <tstamp>4D1ED802</tstamp>
    </comp>
    <comp ref="R24">
      <value>1k</value>
      <footprint>Zirconia:chip1608</footprint>
      <libsource lib="Zirconia-rescue" part="R-RESCUE-Fantom" description=""/>
      <sheetpath names="/" tstamps="/"/>
      <tstamp>4D1ED79E</tstamp>
    </comp>
    <comp ref="SW2">
      <value>SS12D01G4</value>
      <footprint>Zirconia:SS12D01G4</footprint>
      <libsource lib="Zirconia-rescue" part="SPST" description=""/>
      <sheetpath names="/" tstamps="/"/>
      <tstamp>4D1ED4CB</tstamp>
    </comp>
    <comp ref="P6">
      <value>BATT</value>
      <footprint>Zirconia:1.5mm_pin2</footprint>
      <libsource lib="Zirconia-rescue" part="CONN_2" description=""/>
      <sheetpath names="/" tstamps="/"/>
      <tstamp>4D1E6DFF</tstamp>
    </comp>
    <comp ref="C11">
      <value>0.1μ</value>
      <footprint>Zirconia:chip1608</footprint>
      <libsource lib="Zirconia-rescue" part="C-RESCUE-Fantom" description=""/>
      <sheetpath names="/" tstamps="/"/>
      <tstamp>4D213969</tstamp>
    </comp>
    <comp ref="R8">
      <value>10</value>
      <footprint>Zirconia:chip1608</footprint>
      <libsource lib="Zirconia-rescue" part="R-RESCUE-Fantom" description=""/>
      <sheetpath names="/" tstamps="/"/>
      <tstamp>4D213696</tstamp>
    </comp>
    <comp ref="R2">
      <value>1k</value>
      <footprint>Zirconia:chip1608</footprint>
      <libsource lib="Zirconia-rescue" part="R-RESCUE-Fantom" description=""/>
      <sheetpath names="/" tstamps="/"/>
      <tstamp>4D213407</tstamp>
    </comp>
    <comp ref="R1">
      <value>1k</value>
      <footprint>Zirconia:chip1608</footprint>
      <libsource lib="Zirconia-rescue" part="R-RESCUE-Fantom" description=""/>
      <sheetpath names="/" tstamps="/"/>
      <tstamp>4D213406</tstamp>
    </comp>
    <comp ref="R3">
      <value>1k</value>
      <footprint>Zirconia:chip1608</footprint>
      <libsource lib="Zirconia-rescue" part="R-RESCUE-Fantom" description=""/>
      <sheetpath names="/" tstamps="/"/>
      <tstamp>4D2133F2</tstamp>
    </comp>
    <comp ref="R4">
      <value>1k</value>
      <footprint>Zirconia:chip1608</footprint>
      <libsource lib="Zirconia-rescue" part="R-RESCUE-Fantom" description=""/>
      <sheetpath names="/" tstamps="/"/>
      <tstamp>4D2133EE</tstamp>
    </comp>
    <comp ref="Q1">
      <value>LTR</value>
      <footprint>Zirconia:LTR_4206</footprint>
      <libsource lib="Zirconia-rescue" part="OPTO_NPN" description=""/>
      <sheetpath names="/" tstamps="/"/>
      <tstamp>4D21337F</tstamp>
    </comp>
    <comp ref="Q2">
      <value>LTR</value>
      <footprint>Zirconia:LTR_4206</footprint>
      <libsource lib="Zirconia-rescue" part="OPTO_NPN" description=""/>
      <sheetpath names="/" tstamps="/"/>
      <tstamp>4D213377</tstamp>
    </comp>
    <comp ref="Q3">
      <value>LTR</value>
      <footprint>Zirconia:LTR_4206</footprint>
      <libsource lib="Zirconia-rescue" part="OPTO_NPN" description=""/>
      <sheetpath names="/" tstamps="/"/>
      <tstamp>4D213373</tstamp>
    </comp>
    <comp ref="Q4">
      <value>LTR</value>
      <footprint>Zirconia:LTR_4206</footprint>
      <libsource lib="Zirconia-rescue" part="OPTO_NPN" description=""/>
      <sheetpath names="/" tstamps="/"/>
      <tstamp>4D213311</tstamp>
    </comp>
    <comp ref="D1">
      <value>OSI5FU3A11C</value>
      <footprint>Zirconia:OSI5FU3A11C</footprint>
      <libsource lib="Zirconia-rescue" part="LED-RESCUE-Fantom" description=""/>
      <sheetpath names="/" tstamps="/"/>
      <tstamp>4D2131AF</tstamp>
    </comp>
    <comp ref="R23">
      <value>1k</value>
      <footprint>Zirconia:chip1608</footprint>
      <libsource lib="Zirconia-rescue" part="R-RESCUE-Fantom" description=""/>
      <sheetpath names="/" tstamps="/"/>
      <tstamp>4D1EEC54</tstamp>
    </comp>
    <comp ref="R21">
      <value>1k</value>
      <footprint>Zirconia:chip1608</footprint>
      <libsource lib="Zirconia-rescue" part="R-RESCUE-Fantom" description=""/>
      <sheetpath names="/" tstamps="/"/>
      <tstamp>4D1EEC4A</tstamp>
    </comp>
    <comp ref="R22">
      <value>1k</value>
      <footprint>Zirconia:chip1608</footprint>
      <libsource lib="Zirconia-rescue" part="R-RESCUE-Fantom" description=""/>
      <sheetpath names="/" tstamps="/"/>
      <tstamp>4D1EEC3F</tstamp>
    </comp>
    <comp ref="D8">
      <value>LED</value>
      <footprint>Zirconia:chip1608</footprint>
      <libsource lib="Zirconia-rescue" part="LED-RESCUE-Fantom" description=""/>
      <sheetpath names="/" tstamps="/"/>
      <tstamp>4D1EEC2B</tstamp>
    </comp>
    <comp ref="D7">
      <value>LED</value>
      <footprint>Zirconia:chip1608</footprint>
      <libsource lib="Zirconia-rescue" part="LED-RESCUE-Fantom" description=""/>
      <sheetpath names="/" tstamps="/"/>
      <tstamp>4D1EEC21</tstamp>
    </comp>
    <comp ref="D6">
      <value>LED</value>
      <footprint>Zirconia:chip1608</footprint>
      <libsource lib="Zirconia-rescue" part="LED-RESCUE-Fantom" description=""/>
      <sheetpath names="/" tstamps="/"/>
      <tstamp>4D1EEC1C</tstamp>
    </comp>
    <comp ref="SW1">
      <value>KMR211GLFS</value>
      <footprint>Zirconia:KMR211G</footprint>
      <libsource lib="Zirconia-rescue" part="SW_PUSH" description=""/>
      <sheetpath names="/" tstamps="/"/>
      <tstamp>4D1EE5B6</tstamp>
    </comp>
    <comp ref="R5">
      <value>10k</value>
      <footprint>Zirconia:chip1608</footprint>
      <libsource lib="Zirconia-rescue" part="R-RESCUE-Fantom" description=""/>
      <sheetpath names="/" tstamps="/"/>
      <tstamp>4D1EE4F3</tstamp>
    </comp>
    <comp ref="C13">
      <value>0.1μ</value>
      <footprint>Zirconia:chip1608</footprint>
      <libsource lib="Zirconia-rescue" part="C-RESCUE-Fantom" description=""/>
      <sheetpath names="/" tstamps="/"/>
      <tstamp>4D1EB638</tstamp>
    </comp>
    <comp ref="C5">
      <value>0.1μ</value>
      <footprint>Zirconia:chip1608</footprint>
      <libsource lib="Zirconia-rescue" part="C-RESCUE-Fantom" description=""/>
      <sheetpath names="/" tstamps="/"/>
      <tstamp>4D1EB3E7</tstamp>
    </comp>
    <comp ref="C4">
      <value>0.1μ</value>
      <footprint>Zirconia:chip1608</footprint>
      <libsource lib="Zirconia-rescue" part="C-RESCUE-Fantom" description=""/>
      <sheetpath names="/" tstamps="/"/>
      <tstamp>4D1E882E</tstamp>
    </comp>
    <comp ref="C6">
      <value>10μ</value>
      <footprint>Zirconia:chip1608</footprint>
      <libsource lib="Zirconia-rescue" part="C-RESCUE-Fantom" description=""/>
      <sheetpath names="/" tstamps="/"/>
      <tstamp>58825E05</tstamp>
    </comp>
    <comp ref="U3">
      <value>DRV8836</value>
      <footprint>Zirconia:DRV8836</footprint>
      <libsource lib="Zirconia-rescue" part="DRV8836" description=""/>
      <sheetpath names="/" tstamps="/"/>
      <tstamp>589B007F</tstamp>
    </comp>
    <comp ref="P2">
      <value>CONN_1</value>
      <footprint>Zirconia:motor_pin</footprint>
      <libsource lib="Zirconia-rescue" part="CONN_1" description=""/>
      <sheetpath names="/" tstamps="/"/>
      <tstamp>589BC46B</tstamp>
    </comp>
    <comp ref="P1">
      <value>CONN_1</value>
      <footprint>Zirconia:motor_pin</footprint>
      <libsource lib="Zirconia-rescue" part="CONN_1" description=""/>
      <sheetpath names="/" tstamps="/"/>
      <tstamp>589BC471</tstamp>
    </comp>
    <comp ref="L1">
      <value>47μH</value>
      <footprint>Zirconia:Inductor</footprint>
      <libsource lib="Zirconia-rescue" part="INDUCTOR" description=""/>
      <sheetpath names="/" tstamps="/"/>
      <tstamp>589BC477</tstamp>
    </comp>
    <comp ref="C14">
      <value>10μ</value>
      <footprint>Zirconia:chip1608</footprint>
      <libsource lib="Zirconia-rescue" part="C-RESCUE-Fantom" description=""/>
      <sheetpath names="/" tstamps="/"/>
      <tstamp>5A80D64C</tstamp>
    </comp>
    <comp ref="U1">
      <value>MA300</value>
      <footprint>Zirconia:MA300</footprint>
      <libsource lib="Zirconia-rescue" part="MA300" description=""/>
      <sheetpath names="/" tstamps="/"/>
      <tstamp>5A868E97</tstamp>
    </comp>
    <comp ref="U2">
      <value>ENCODER_CONNECT_IC</value>
      <footprint>Zirconia:ENC_CONN_VART</footprint>
      <libsource lib="Zirconia-rescue" part="ENCODER_CONNECT_IC" description=""/>
      <sheetpath names="/" tstamps="/"/>
      <tstamp>5A868F72</tstamp>
    </comp>
    <comp ref="U6">
      <value>ENCODER_CONNECT_PCB</value>
      <footprint>Zirconia:ENC_CONN_FLAT</footprint>
      <libsource lib="Zirconia-rescue" part="ENCODER_CONNECT_PCB" description=""/>
      <sheetpath names="/" tstamps="/"/>
      <tstamp>5A869280</tstamp>
    </comp>
    <comp ref="U5">
      <value>ENCODER_CONNECT_PCB</value>
      <footprint>Zirconia:ENC_CONN_FLAT</footprint>
      <libsource lib="Zirconia-rescue" part="ENCODER_CONNECT_PCB" description=""/>
      <sheetpath names="/" tstamps="/"/>
      <tstamp>5A86959E</tstamp>
    </comp>
    <comp ref="C1">
      <value>0.1μ</value>
      <footprint>Zirconia:chip1608</footprint>
      <libsource lib="Zirconia-rescue" part="C-RESCUE-Fantom" description=""/>
      <sheetpath names="/" tstamps="/"/>
      <tstamp>5A86D301</tstamp>
    </comp>
    <comp ref="U9">
      <value>MA300</value>
      <footprint>Zirconia:MA300</footprint>
      <libsource lib="Zirconia-rescue" part="MA300" description=""/>
      <sheetpath names="/" tstamps="/"/>
      <tstamp>5BD425FA</tstamp>
    </comp>
    <comp ref="U10">
      <value>ENCODER_CONNECT_IC</value>
      <footprint>Zirconia:ENC_CONN_VART</footprint>
      <libsource lib="Zirconia-rescue" part="ENCODER_CONNECT_IC" description=""/>
      <sheetpath names="/" tstamps="/"/>
      <tstamp>5BD42600</tstamp>
    </comp>
    <comp ref="C18">
      <value>0.1μ</value>
      <footprint>Zirconia:chip1608</footprint>
      <libsource lib="Zirconia-rescue" part="C-RESCUE-Fantom" description=""/>
      <sheetpath names="/" tstamps="/"/>
      <tstamp>5BD42612</tstamp>
    </comp>
    <comp ref="U7">
      <value>LTC4054L-4.2</value>
      <footprint>Zirconia:SOT23</footprint>
      <libsource lib="Zirconia-rescue" part="LTC4054L-4.2" description=""/>
      <sheetpath names="/" tstamps="/"/>
      <tstamp>5BD462FE</tstamp>
    </comp>
    <comp ref="P9">
      <value>Serial Module</value>
      <footprint>Zirconia:2.54mm_pin4</footprint>
      <libsource lib="Zirconia-rescue" part="CONN_4" description=""/>
      <sheetpath names="/" tstamps="/"/>
      <tstamp>5BD46ACC</tstamp>
    </comp>
    <comp ref="P8">
      <value>CHRG&amp;USART another board</value>
      <footprint>Zirconia:2.54mm_pin4</footprint>
      <libsource lib="Zirconia-rescue" part="CONN_4" description=""/>
      <sheetpath names="/" tstamps="/"/>
      <tstamp>5BD46ECD</tstamp>
    </comp>
    <comp ref="C19">
      <value>0.1μ</value>
      <footprint>Zirconia:chip1608</footprint>
      <libsource lib="Zirconia-rescue" part="C-RESCUE-Fantom" description=""/>
      <sheetpath names="/" tstamps="/"/>
      <tstamp>5BD4B2F3</tstamp>
    </comp>
    <comp ref="R25">
      <value>1k</value>
      <footprint>Zirconia:chip1608</footprint>
      <libsource lib="Zirconia-rescue" part="R-RESCUE-Fantom" description=""/>
      <sheetpath names="/" tstamps="/"/>
      <tstamp>5BD4C160</tstamp>
    </comp>
    <comp ref="R27">
      <value>1k</value>
      <footprint>Zirconia:chip1608</footprint>
      <libsource lib="Zirconia-rescue" part="R-RESCUE-Fantom" description=""/>
      <sheetpath names="/" tstamps="/"/>
      <tstamp>5BD4C287</tstamp>
    </comp>
    <comp ref="R28">
      <value>1k</value>
      <footprint>Zirconia:chip1608</footprint>
      <libsource lib="Zirconia-rescue" part="R-RESCUE-Fantom" description=""/>
      <sheetpath names="/" tstamps="/"/>
      <tstamp>5BD4C478</tstamp>
    </comp>
    <comp ref="R26">
      <value>1k</value>
      <footprint>Zirconia:chip1608</footprint>
      <libsource lib="Zirconia-rescue" part="R-RESCUE-Fantom" description=""/>
      <sheetpath names="/" tstamps="/"/>
      <tstamp>5BD41D98</tstamp>
    </comp>
    <comp ref="D10">
      <value>LED</value>
      <footprint>Zirconia:chip1608</footprint>
      <libsource lib="Zirconia-rescue" part="LED-RESCUE-Fantom" description=""/>
      <sheetpath names="/" tstamps="/"/>
      <tstamp>5BD41D9E</tstamp>
    </comp>
    <comp ref="U11">
      <value>LP5907</value>
      <footprint>Zirconia:SOT23</footprint>
      <libsource lib="Zirconia-rescue" part="LP5907" description=""/>
      <sheetpath names="/" tstamps="/"/>
      <tstamp>5BD44159</tstamp>
    </comp>
  </components>
  <libparts>
    <libpart lib="Zirconia-rescue" part="C-RESCUE-Fantom">
      <footprints>
        <fp>SM*</fp>
        <fp>C?</fp>
        <fp>C1-1</fp>
      </footprints>
      <fields>
        <field name="Reference">C</field>
        <field name="Value">C-RESCUE-Fantom</field>
      </fields>
      <pins>
        <pin num="1" name="~" type="passive"/>
        <pin num="2" name="~" type="passive"/>
      </pins>
    </libpart>
    <libpart lib="Zirconia-rescue" part="CONN_1">
      <fields>
        <field name="Reference">P</field>
        <field name="Value">CONN_1</field>
      </fields>
      <pins>
        <pin num="1" name="1" type="passive"/>
      </pins>
    </libpart>
    <libpart lib="Zirconia-rescue" part="CONN_2">
      <fields>
        <field name="Reference">P</field>
        <field name="Value">CONN_2</field>
      </fields>
      <pins>
        <pin num="1" name="P1" type="passive"/>
        <pin num="2" name="PM" type="passive"/>
      </pins>
    </libpart>
    <libpart lib="Zirconia-rescue" part="CONN_4">
      <fields>
        <field name="Reference">P</field>
        <field name="Value">CONN_4</field>
      </fields>
      <pins>
        <pin num="1" name="P1" type="passive"/>
        <pin num="2" name="P2" type="passive"/>
        <pin num="3" name="P3" type="passive"/>
        <pin num="4" name="P4" type="passive"/>
      </pins>
    </libpart>
    <libpart lib="Zirconia-rescue" part="DRV8836">
      <fields>
        <field name="Reference">U</field>
        <field name="Value">DRV8836</field>
      </fields>
      <pins>
        <pin num="1" name="VCC" type="input"/>
        <pin num="2" name="AOUT1" type="input"/>
        <pin num="3" name="AOUT2" type="input"/>
        <pin num="4" name="BOUT1" type="input"/>
        <pin num="5" name="BOUT2" type="input"/>
        <pin num="6" name="GND" type="input"/>
        <pin num="7" name="BIN2" type="input"/>
        <pin num="8" name="BIN1" type="input"/>
        <pin num="9" name="AIN2" type="input"/>
        <pin num="10" name="AIN1" type="input"/>
        <pin num="11" name="MODE" type="input"/>
        <pin num="12" name="nSLEEP" type="input"/>
      </pins>
    </libpart>
    <libpart lib="Zirconia-rescue" part="ENCODER_CONNECT_IC">
      <fields>
        <field name="Reference">U</field>
        <field name="Value">ENCODER_CONNECT_IC</field>
      </fields>
      <pins>
        <pin num="1" name="VCC" type="input"/>
        <pin num="2" name="GND" type="input"/>
        <pin num="3" name="A" type="input"/>
        <pin num="4" name="B" type="input"/>
      </pins>
    </libpart>
    <libpart lib="Zirconia-rescue" part="ENCODER_CONNECT_PCB">
      <fields>
        <field name="Reference">U</field>
        <field name="Value">ENCODER_CONNECT_PCB</field>
      </fields>
      <pins>
        <pin num="1" name="VCC" type="input"/>
        <pin num="2" name="GND" type="input"/>
        <pin num="3" name="A" type="input"/>
        <pin num="4" name="B" type="input"/>
      </pins>
    </libpart>
    <libpart lib="Zirconia-rescue" part="INDUCTOR">
      <fields>
        <field name="Reference">L</field>
        <field name="Value">INDUCTOR</field>
      </fields>
      <pins>
        <pin num="1" name="1" type="passive"/>
        <pin num="2" name="2" type="passive"/>
      </pins>
    </libpart>
    <libpart lib="Zirconia-rescue" part="LED-RESCUE-Fantom">
      <footprints>
        <fp>LED-3MM</fp>
        <fp>LED-5MM</fp>
        <fp>LED-10MM</fp>
        <fp>LED-0603</fp>
        <fp>LED-0805</fp>
        <fp>LED-1206</fp>
        <fp>LEDV</fp>
      </footprints>
      <fields>
        <field name="Reference">D</field>
        <field name="Value">LED-RESCUE-Fantom</field>
      </fields>
      <pins>
        <pin num="1" name="A" type="passive"/>
        <pin num="2" name="K" type="passive"/>
      </pins>
    </libpart>
    <libpart lib="Zirconia-rescue" part="LP5907">
      <fields>
        <field name="Reference">U</field>
        <field name="Value">LP5907</field>
      </fields>
      <pins>
        <pin num="1" name="IN" type="input"/>
        <pin num="2" name="GND" type="input"/>
        <pin num="3" name="EN" type="input"/>
        <pin num="4" name="NC" type="input"/>
        <pin num="5" name="OUT" type="input"/>
      </pins>
    </libpart>
    <libpart lib="Zirconia-rescue" part="LTC4054L-4.2">
      <fields>
        <field name="Reference">U</field>
        <field name="Value">LTC4054L-4.2</field>
      </fields>
      <pins>
        <pin num="1" name="CHRG" type="input"/>
        <pin num="2" name="GND" type="input"/>
        <pin num="3" name="BAT" type="input"/>
        <pin num="4" name="VCC" type="input"/>
        <pin num="5" name="PROG" type="input"/>
      </pins>
    </libpart>
    <libpart lib="Zirconia-rescue" part="MA300">
      <fields>
        <field name="Reference">U</field>
        <field name="Value">MA300</field>
      </fields>
      <pins>
        <pin num="1" name="V" type="input"/>
        <pin num="2" name="B" type="input"/>
        <pin num="3" name="Z" type="input"/>
        <pin num="4" name="MOSI" type="input"/>
        <pin num="5" name="SS" type="input"/>
        <pin num="6" name="A" type="input"/>
        <pin num="7" name="MISO" type="input"/>
        <pin num="8" name="GND" type="input"/>
        <pin num="9" name="W" type="input"/>
        <pin num="10" name="NC" type="input"/>
        <pin num="11" name="NC" type="input"/>
        <pin num="12" name="SCLK" type="input"/>
        <pin num="13" name="VDD" type="input"/>
        <pin num="14" name="NC" type="input"/>
        <pin num="15" name="U" type="input"/>
        <pin num="16" name="VFLASH" type="input"/>
      </pins>
    </libpart>
    <libpart lib="Zirconia-rescue" part="MOSFET_N">
      <fields>
        <field name="Reference">Q</field>
        <field name="Value">MOSFET_N</field>
      </fields>
      <pins>
        <pin num="D" name="D" type="passive"/>
        <pin num="G" name="G" type="input"/>
        <pin num="S" name="S" type="passive"/>
      </pins>
    </libpart>
    <libpart lib="Zirconia-rescue" part="MPU6500">
      <fields>
        <field name="Reference">U</field>
        <field name="Value">MPU6500</field>
      </fields>
      <pins>
        <pin num="1" name="NC" type="input"/>
        <pin num="2" name="NC" type="input"/>
        <pin num="3" name="NC" type="input"/>
        <pin num="4" name="NC" type="input"/>
        <pin num="5" name="NC" type="input"/>
        <pin num="6" name="NC" type="input"/>
        <pin num="7" name="AUX_CL" type="input"/>
        <pin num="8" name="VDDIO" type="input"/>
        <pin num="9" name="MISO" type="input"/>
        <pin num="10" name="REGOUT" type="input"/>
        <pin num="11" name="FSYNC" type="input"/>
        <pin num="12" name="INT" type="input"/>
        <pin num="13" name="VDD" type="input"/>
        <pin num="14" name="NC" type="input"/>
        <pin num="15" name="NC" type="input"/>
        <pin num="16" name="NC" type="input"/>
        <pin num="17" name="NC" type="input"/>
        <pin num="18" name="GND" type="input"/>
        <pin num="19" name="RESV" type="input"/>
        <pin num="20" name="RESV" type="input"/>
        <pin num="21" name="AUX_DA" type="input"/>
        <pin num="22" name="SS/" type="input"/>
        <pin num="23" name="SCK" type="input"/>
        <pin num="24" name="MOSI" type="input"/>
      </pins>
    </libpart>
    <libpart lib="Zirconia-rescue" part="OPTO_NPN">
      <fields>
        <field name="Reference">Q</field>
        <field name="Value">OPTO_NPN</field>
      </fields>
      <pins>
        <pin num="1" name="E" type="passive"/>
        <pin num="3" name="C" type="passive"/>
      </pins>
    </libpart>
    <libpart lib="Zirconia-rescue" part="R-RESCUE-Fantom">
      <footprints>
        <fp>R?</fp>
        <fp>SM0603</fp>
        <fp>SM0805</fp>
        <fp>R?-*</fp>
        <fp>SM1206</fp>
      </footprints>
      <fields>
        <field name="Reference">R</field>
        <field name="Value">R-RESCUE-Fantom</field>
      </fields>
      <pins>
        <pin num="1" name="~" type="passive"/>
        <pin num="2" name="~" type="passive"/>
      </pins>
    </libpart>
    <libpart lib="Zirconia-rescue" part="SPST">
      <fields>
        <field name="Reference">SW</field>
        <field name="Value">SPST</field>
      </fields>
      <pins>
        <pin num="1" name="1" type="input"/>
        <pin num="2" name="2" type="input"/>
      </pins>
    </libpart>
    <libpart lib="Zirconia-rescue" part="STM32F411CEU6">
      <fields>
        <field name="Reference">U</field>
        <field name="Value">STM32F411CEU6</field>
      </fields>
      <pins>
        <pin num="1" name="VBAT" type="input"/>
        <pin num="2" name="PC13" type="input"/>
        <pin num="3" name="PC14/OSC32-IN" type="input"/>
        <pin num="4" name="PC15/OSC32-OUT" type="input"/>
        <pin num="5" name="PH0/OSC-IN" type="input"/>
        <pin num="6" name="PH1/OSC-OUT" type="input"/>
        <pin num="7" name="NRST" type="input"/>
        <pin num="8" name="VSSA/VREF-" type="input"/>
        <pin num="9" name="VDDA/VREF+" type="input"/>
        <pin num="10" name="PA0/TIM2-1,5-1/ADC1-0" type="input"/>
        <pin num="11" name="PA1/TIM2-2,5-2/ADC1-1" type="input"/>
        <pin num="12" name="PA2/TIM2-3,5-3/ADC1-2" type="input"/>
        <pin num="13" name="PA3/TIM2-4,5-4/ADC1-3" type="input"/>
        <pin num="14" name="PA4/ADC1-4" type="input"/>
        <pin num="15" name="PA5/TIM2-1/SPI1SCK/ADC1-5" type="input"/>
        <pin num="16" name="PA6/TIM3-1/SPI1MISO/ADC1-6" type="input"/>
        <pin num="17" name="PA7/TIM3-2/SPI1MOSI/ADC1-7" type="input"/>
        <pin num="18" name="PB0/TIM3-3/ADC1-8" type="input"/>
        <pin num="19" name="PB1/TIM3-4/ADC1-9" type="input"/>
        <pin num="20" name="BOOT1" type="input"/>
        <pin num="21" name="PB10/TIM2-3/SPI2SCK" type="input"/>
        <pin num="22" name="VCAP1" type="input"/>
        <pin num="23" name="VSS" type="input"/>
        <pin num="24" name="VDD" type="input"/>
        <pin num="25" name="PB12/SPI3SCK" type="input"/>
        <pin num="26" name="PB13/SPI2SCK" type="input"/>
        <pin num="27" name="PB14/SPI2MISO" type="input"/>
        <pin num="28" name="PB15/SPI2MOSI" type="input"/>
        <pin num="29" name="PA8/TIM1-1" type="input"/>
        <pin num="30" name="PA9/USART1TX" type="input"/>
        <pin num="31" name="PA10/USRAT1RX" type="input"/>
        <pin num="32" name="PA11/TIM1-4" type="input"/>
        <pin num="33" name="PA12" type="input"/>
        <pin num="34" name="PA13" type="input"/>
        <pin num="35" name="VSS" type="input"/>
        <pin num="36" name="VDD" type="input"/>
        <pin num="37" name="PA14" type="input"/>
        <pin num="38" name="PA15/TIM2-1" type="input"/>
        <pin num="39" name="PB3/TIM2-2/SPI1SCK/SPI3SCK" type="input"/>
        <pin num="40" name="PB4/TIM3-1/SPI1MISO/SPI3MISO" type="input"/>
        <pin num="41" name="PB5/TIM3-2/SPI1MOSI/SPI3MOSI" type="input"/>
        <pin num="42" name="PB6/TIM4-1" type="input"/>
        <pin num="43" name="PB7/TIM4-2" type="input"/>
        <pin num="44" name="BOOT0" type="input"/>
        <pin num="45" name="PB8/TIM4-3" type="input"/>
        <pin num="46" name="PB9/TIM4-4" type="input"/>
        <pin num="47" name="VSS" type="input"/>
        <pin num="48" name="VDD" type="input"/>
      </pins>
    </libpart>
    <libpart lib="Zirconia-rescue" part="SW_PUSH">
      <fields>
        <field name="Reference">SW</field>
        <field name="Value">SW_PUSH</field>
      </fields>
      <pins>
        <pin num="1" name="1" type="passive"/>
        <pin num="2" name="2" type="passive"/>
      </pins>
    </libpart>
  </libparts>
  <libraries>
    <library logical="Zirconia-rescue">
      <uri>C:\Users\Yuki\Desktop\machine\プリント基板\マイクロマウスハーフ\Zirconia/Zirconia-rescue.lib</uri>
    </library>
  </libraries>
  <nets>
    <net code="1" name="Net-(Q7-PadG)">
      <node ref="R12" pin="2"/>
      <node ref="R13" pin="1"/>
      <node ref="Q7" pin="G"/>
    </net>
    <net code="2" name="Net-(Q5-PadG)">
      <node ref="Q5" pin="G"/>
      <node ref="R6" pin="2"/>
      <node ref="R7" pin="1"/>
    </net>
    <net code="3" name="Net-(Q8-PadG)">
      <node ref="R16" pin="1"/>
      <node ref="Q8" pin="G"/>
      <node ref="R15" pin="2"/>
    </net>
    <net code="4" name="Net-(D6-Pad1)">
      <node ref="D6" pin="1"/>
      <node ref="U4" pin="33"/>
    </net>
    <net code="5" name="Net-(U4-Pad25)">
      <node ref="U8" pin="22"/>
      <node ref="U4" pin="25"/>
    </net>
    <net code="6" name="Net-(C17-Pad1)">
      <node ref="C17" pin="1"/>
      <node ref="U8" pin="10"/>
    </net>
    <net code="7" name="Net-(R12-Pad1)">
      <node ref="U4" pin="16"/>
      <node ref="R12" pin="1"/>
    </net>
    <net code="8" name="VCC">
      <node ref="Q4" pin="3"/>
      <node ref="Q3" pin="3"/>
      <node ref="Q2" pin="3"/>
      <node ref="Q1" pin="3"/>
      <node ref="D1" pin="1"/>
      <node ref="U11" pin="5"/>
      <node ref="U5" pin="1"/>
      <node ref="SW1" pin="1"/>
      <node ref="U6" pin="1"/>
      <node ref="D2" pin="1"/>
      <node ref="D3" pin="1"/>
      <node ref="U4" pin="36"/>
      <node ref="U4" pin="48"/>
      <node ref="C16" pin="1"/>
      <node ref="U4" pin="9"/>
      <node ref="U4" pin="1"/>
      <node ref="U8" pin="13"/>
      <node ref="U4" pin="24"/>
      <node ref="C2" pin="1"/>
      <node ref="C10" pin="1"/>
      <node ref="C9" pin="1"/>
      <node ref="C7" pin="1"/>
      <node ref="C8" pin="1"/>
      <node ref="U8" pin="8"/>
      <node ref="C14" pin="1"/>
      <node ref="D4" pin="1"/>
      <node ref="U3" pin="12"/>
      <node ref="C13" pin="1"/>
      <node ref="C4" pin="1"/>
      <node ref="C11" pin="1"/>
      <node ref="C6" pin="1"/>
    </net>
    <net code="9" name="Net-(Q3-Pad1)">
      <node ref="R3" pin="1"/>
      <node ref="Q3" pin="1"/>
      <node ref="U4" pin="12"/>
    </net>
    <net code="10" name="Net-(Q1-Pad1)">
      <node ref="U4" pin="10"/>
      <node ref="Q1" pin="1"/>
      <node ref="R1" pin="1"/>
    </net>
    <net code="11" name="Net-(P5-Pad1)">
      <node ref="P5" pin="1"/>
      <node ref="SW2" pin="1"/>
      <node ref="P6" pin="1"/>
    </net>
    <net code="12" name="Net-(C5-Pad1)">
      <node ref="C5" pin="1"/>
      <node ref="U4" pin="7"/>
    </net>
    <net code="13" name="Net-(Q6-PadG)">
      <node ref="Q6" pin="G"/>
      <node ref="R9" pin="2"/>
      <node ref="R10" pin="1"/>
    </net>
    <net code="14" name="Net-(D9-Pad1)">
      <node ref="D9" pin="1"/>
      <node ref="R24" pin="1"/>
    </net>
    <net code="15" name="Net-(U3-Pad10)">
      <node ref="U4" pin="42"/>
      <node ref="U3" pin="10"/>
    </net>
    <net code="16" name="Net-(P4-Pad1)">
      <node ref="U3" pin="3"/>
      <node ref="P4" pin="1"/>
    </net>
    <net code="17" name="Net-(L2-Pad2)">
      <node ref="L2" pin="2"/>
      <node ref="U3" pin="2"/>
    </net>
    <net code="18" name="Net-(L1-Pad2)">
      <node ref="U3" pin="5"/>
      <node ref="L1" pin="2"/>
    </net>
    <net code="19" name="Net-(P2-Pad1)">
      <node ref="U3" pin="4"/>
      <node ref="P2" pin="1"/>
    </net>
    <net code="20" name="Net-(U3-Pad7)">
      <node ref="U3" pin="7"/>
      <node ref="U4" pin="46"/>
    </net>
    <net code="21" name="Net-(U3-Pad8)">
      <node ref="U4" pin="45"/>
      <node ref="U3" pin="8"/>
    </net>
    <net code="22" name="+BATT">
      <node ref="U3" pin="1"/>
      <node ref="U11" pin="1"/>
      <node ref="SW2" pin="2"/>
      <node ref="R18" pin="1"/>
      <node ref="U11" pin="3"/>
      <node ref="C3" pin="1"/>
      <node ref="R24" pin="2"/>
      <node ref="C15" pin="1"/>
    </net>
    <net code="23" name="Net-(R28-Pad1)">
      <node ref="R28" pin="1"/>
      <node ref="U7" pin="5"/>
    </net>
    <net code="24" name="Net-(P8-Pad1)">
      <node ref="P8" pin="1"/>
      <node ref="U7" pin="3"/>
    </net>
    <net code="25" name="Net-(P8-Pad3)">
      <node ref="P9" pin="3"/>
      <node ref="P8" pin="3"/>
    </net>
    <net code="26" name="Net-(P8-Pad4)">
      <node ref="P9" pin="4"/>
      <node ref="P8" pin="4"/>
    </net>
    <net code="27" name="Net-(C19-Pad2)">
      <node ref="U7" pin="2"/>
      <node ref="C19" pin="2"/>
      <node ref="R25" pin="2"/>
      <node ref="P9" pin="2"/>
      <node ref="P8" pin="2"/>
    </net>
    <net code="28" name="Net-(R25-Pad1)">
      <node ref="R25" pin="1"/>
      <node ref="R27" pin="2"/>
    </net>
    <net code="29" name="Net-(R27-Pad1)">
      <node ref="R27" pin="1"/>
      <node ref="R28" pin="2"/>
    </net>
    <net code="30" name="Net-(D10-Pad2)">
      <node ref="D10" pin="2"/>
      <node ref="R26" pin="2"/>
    </net>
    <net code="31" name="Net-(D7-Pad1)">
      <node ref="U4" pin="32"/>
      <node ref="D7" pin="1"/>
    </net>
    <net code="32" name="Net-(U4-Pad28)">
      <node ref="U4" pin="28"/>
      <node ref="U8" pin="24"/>
    </net>
    <net code="33" name="Net-(P5-Pad3)">
      <node ref="U4" pin="31"/>
      <node ref="P5" pin="3"/>
    </net>
    <net code="34" name="Net-(R15-Pad1)">
      <node ref="R15" pin="1"/>
      <node ref="U4" pin="17"/>
    </net>
    <net code="35" name="Net-(R9-Pad1)">
      <node ref="R9" pin="1"/>
      <node ref="U4" pin="15"/>
    </net>
    <net code="36" name="Net-(C12-Pad1)">
      <node ref="U4" pin="22"/>
      <node ref="C12" pin="1"/>
    </net>
    <net code="37" name="Net-(U4-Pad27)">
      <node ref="U4" pin="27"/>
      <node ref="U8" pin="9"/>
    </net>
    <net code="38" name="Net-(R26-Pad1)">
      <node ref="U7" pin="1"/>
      <node ref="R26" pin="1"/>
    </net>
    <net code="39" name="Net-(C19-Pad1)">
      <node ref="D10" pin="1"/>
      <node ref="P9" pin="1"/>
      <node ref="C19" pin="1"/>
      <node ref="U7" pin="4"/>
    </net>
    <net code="40" name="Net-(U11-Pad4)">
      <node ref="U11" pin="4"/>
    </net>
    <net code="41" name="Net-(U10-Pad3)">
      <node ref="U9" pin="6"/>
      <node ref="U10" pin="3"/>
    </net>
    <net code="42" name="Net-(C18-Pad2)">
      <node ref="U10" pin="1"/>
      <node ref="U9" pin="13"/>
      <node ref="C18" pin="2"/>
    </net>
    <net code="43" name="Net-(R5-Pad1)">
      <node ref="SW1" pin="2"/>
      <node ref="U4" pin="44"/>
      <node ref="R5" pin="1"/>
      <node ref="U4" pin="19"/>
    </net>
    <net code="44" name="Net-(U4-Pad26)">
      <node ref="U8" pin="23"/>
      <node ref="U4" pin="26"/>
    </net>
    <net code="45" name="Net-(D8-Pad1)">
      <node ref="U4" pin="29"/>
      <node ref="D8" pin="1"/>
    </net>
    <net code="46" name="Net-(U4-Pad39)">
      <node ref="U6" pin="4"/>
      <node ref="U4" pin="39"/>
    </net>
    <net code="47" name="Net-(U4-Pad41)">
      <node ref="U5" pin="4"/>
      <node ref="U4" pin="41"/>
    </net>
    <net code="48" name="Net-(D5-Pad1)">
      <node ref="D5" pin="1"/>
      <node ref="U4" pin="34"/>
    </net>
    <net code="49" name="Net-(U4-Pad38)">
      <node ref="U6" pin="3"/>
      <node ref="U4" pin="38"/>
    </net>
    <net code="50" name="Net-(U4-Pad40)">
      <node ref="U4" pin="40"/>
      <node ref="U5" pin="3"/>
    </net>
    <net code="51" name="Net-(R18-Pad2)">
      <node ref="U4" pin="18"/>
      <node ref="R19" pin="1"/>
      <node ref="R18" pin="2"/>
    </net>
    <net code="52" name="Net-(Q2-Pad1)">
      <node ref="Q2" pin="1"/>
      <node ref="U4" pin="11"/>
      <node ref="R2" pin="1"/>
    </net>
    <net code="53" name="Net-(Q4-Pad1)">
      <node ref="U4" pin="13"/>
      <node ref="Q4" pin="1"/>
      <node ref="R4" pin="1"/>
    </net>
    <net code="54" name="Net-(R6-Pad1)">
      <node ref="R6" pin="1"/>
      <node ref="U4" pin="14"/>
    </net>
    <net code="55" name="Net-(P5-Pad4)">
      <node ref="P5" pin="4"/>
      <node ref="U4" pin="30"/>
    </net>
    <net code="56" name="Net-(C18-Pad1)">
      <node ref="C18" pin="1"/>
      <node ref="U9" pin="8"/>
      <node ref="U10" pin="2"/>
    </net>
    <net code="57" name="Net-(U3-Pad9)">
      <node ref="U3" pin="9"/>
      <node ref="U4" pin="43"/>
    </net>
    <net code="58" name="Net-(U10-Pad4)">
      <node ref="U9" pin="2"/>
      <node ref="U10" pin="4"/>
    </net>
    <net code="59" name="Net-(C1-Pad2)">
      <node ref="C1" pin="2"/>
      <node ref="U2" pin="1"/>
      <node ref="U1" pin="13"/>
    </net>
    <net code="60" name="Net-(C1-Pad1)">
      <node ref="U1" pin="8"/>
      <node ref="U2" pin="2"/>
      <node ref="C1" pin="1"/>
    </net>
    <net code="61" name="Net-(U1-Pad2)">
      <node ref="U2" pin="4"/>
      <node ref="U1" pin="2"/>
    </net>
    <net code="62" name="Net-(U1-Pad6)">
      <node ref="U2" pin="3"/>
      <node ref="U1" pin="6"/>
    </net>
    <net code="63" name="GND">
      <node ref="R21" pin="1"/>
      <node ref="U8" pin="11"/>
      <node ref="U8" pin="18"/>
      <node ref="U8" pin="20"/>
      <node ref="R5" pin="2"/>
      <node ref="U4" pin="8"/>
      <node ref="C16" pin="2"/>
      <node ref="C17" pin="2"/>
      <node ref="R3" pin="2"/>
      <node ref="R4" pin="2"/>
      <node ref="C5" pin="2"/>
      <node ref="R23" pin="1"/>
      <node ref="R2" pin="2"/>
      <node ref="C13" pin="2"/>
      <node ref="R1" pin="2"/>
      <node ref="C11" pin="2"/>
      <node ref="D9" pin="2"/>
      <node ref="R10" pin="2"/>
      <node ref="Q5" pin="S"/>
      <node ref="R22" pin="1"/>
      <node ref="R7" pin="2"/>
      <node ref="C6" pin="2"/>
      <node ref="P6" pin="2"/>
      <node ref="U5" pin="2"/>
      <node ref="U6" pin="2"/>
      <node ref="Q6" pin="S"/>
      <node ref="U3" pin="6"/>
      <node ref="C14" pin="2"/>
      <node ref="C4" pin="2"/>
      <node ref="U11" pin="2"/>
      <node ref="C8" pin="2"/>
      <node ref="C2" pin="2"/>
      <node ref="C7" pin="2"/>
      <node ref="C9" pin="2"/>
      <node ref="C10" pin="2"/>
      <node ref="C12" pin="2"/>
      <node ref="C3" pin="2"/>
      <node ref="P5" pin="2"/>
      <node ref="C15" pin="2"/>
      <node ref="Q7" pin="S"/>
      <node ref="R13" pin="2"/>
      <node ref="R16" pin="2"/>
      <node ref="Q8" pin="S"/>
      <node ref="R19" pin="2"/>
      <node ref="U4" pin="23"/>
      <node ref="U4" pin="20"/>
      <node ref="R20" pin="1"/>
      <node ref="U4" pin="47"/>
      <node ref="U4" pin="35"/>
    </net>
    <net code="64" name="Net-(U8-Pad5)">
      <node ref="U8" pin="5"/>
    </net>
    <net code="65" name="Net-(U8-Pad6)">
      <node ref="U8" pin="6"/>
    </net>
    <net code="66" name="Net-(U8-Pad7)">
      <node ref="U8" pin="7"/>
    </net>
    <net code="67" name="Net-(L2-Pad1)">
      <node ref="L2" pin="1"/>
      <node ref="P3" pin="1"/>
    </net>
    <net code="68" name="Net-(D4-Pad2)">
      <node ref="D4" pin="2"/>
      <node ref="R17" pin="1"/>
    </net>
    <net code="69" name="Net-(D3-Pad2)">
      <node ref="R14" pin="1"/>
      <node ref="D3" pin="2"/>
    </net>
    <net code="70" name="Net-(Q7-PadD)">
      <node ref="R14" pin="2"/>
      <node ref="Q7" pin="D"/>
    </net>
    <net code="71" name="Net-(Q8-PadD)">
      <node ref="R17" pin="2"/>
      <node ref="Q8" pin="D"/>
    </net>
    <net code="72" name="Net-(D2-Pad2)">
      <node ref="R11" pin="1"/>
      <node ref="D2" pin="2"/>
    </net>
    <net code="73" name="Net-(Q6-PadD)">
      <node ref="R11" pin="2"/>
      <node ref="Q6" pin="D"/>
    </net>
    <net code="74" name="Net-(P7-Pad2)">
      <node ref="P7" pin="2"/>
    </net>
    <net code="75" name="Net-(P7-Pad1)">
      <node ref="P7" pin="1"/>
    </net>
    <net code="76" name="Net-(U8-Pad4)">
      <node ref="U8" pin="4"/>
    </net>
    <net code="77" name="Net-(U4-Pad3)">
      <node ref="U4" pin="3"/>
    </net>
    <net code="78" name="Net-(U4-Pad37)">
      <node ref="U4" pin="37"/>
    </net>
    <net code="79" name="Net-(U4-Pad4)">
      <node ref="U4" pin="4"/>
    </net>
    <net code="80" name="Net-(U4-Pad5)">
      <node ref="U4" pin="5"/>
    </net>
    <net code="81" name="Net-(U4-Pad6)">
      <node ref="U4" pin="6"/>
    </net>
    <net code="82" name="Net-(D5-Pad2)">
      <node ref="R20" pin="2"/>
      <node ref="D5" pin="2"/>
    </net>
    <net code="83" name="Net-(U4-Pad2)">
      <node ref="U4" pin="2"/>
    </net>
    <net code="84" name="Net-(U4-Pad21)">
      <node ref="U4" pin="21"/>
    </net>
    <net code="85" name="Net-(U8-Pad14)">
      <node ref="U8" pin="14"/>
    </net>
    <net code="86" name="Net-(U8-Pad12)">
      <node ref="U8" pin="12"/>
    </net>
    <net code="87" name="Net-(U8-Pad2)">
      <node ref="U8" pin="2"/>
    </net>
    <net code="88" name="Net-(U8-Pad3)">
      <node ref="U8" pin="3"/>
    </net>
    <net code="89" name="Net-(U8-Pad1)">
      <node ref="U8" pin="1"/>
    </net>
    <net code="90" name="Net-(U8-Pad15)">
      <node ref="U8" pin="15"/>
    </net>
    <net code="91" name="Net-(U8-Pad16)">
      <node ref="U8" pin="16"/>
    </net>
    <net code="92" name="Net-(U8-Pad17)">
      <node ref="U8" pin="17"/>
    </net>
    <net code="93" name="Net-(U8-Pad19)">
      <node ref="U8" pin="19"/>
    </net>
    <net code="94" name="Net-(U8-Pad21)">
      <node ref="U8" pin="21"/>
    </net>
    <net code="95" name="Net-(U1-Pad7)">
      <node ref="U1" pin="7"/>
    </net>
    <net code="96" name="Net-(U1-Pad9)">
      <node ref="U1" pin="9"/>
    </net>
    <net code="97" name="Net-(U1-Pad5)">
      <node ref="U1" pin="5"/>
    </net>
    <net code="98" name="Net-(U1-Pad1)">
      <node ref="U1" pin="1"/>
    </net>
    <net code="99" name="Net-(U1-Pad3)">
      <node ref="U1" pin="3"/>
    </net>
    <net code="100" name="Net-(L1-Pad1)">
      <node ref="L1" pin="1"/>
      <node ref="P1" pin="1"/>
    </net>
    <net code="101" name="Net-(U3-Pad11)">
      <node ref="U3" pin="11"/>
    </net>
    <net code="102" name="Net-(U1-Pad4)">
      <node ref="U1" pin="4"/>
    </net>
    <net code="103" name="Net-(U1-Pad10)">
      <node ref="U1" pin="10"/>
    </net>
    <net code="104" name="Net-(U1-Pad11)">
      <node ref="U1" pin="11"/>
    </net>
    <net code="105" name="Net-(U1-Pad12)">
      <node ref="U1" pin="12"/>
    </net>
    <net code="106" name="Net-(U1-Pad14)">
      <node ref="U1" pin="14"/>
    </net>
    <net code="107" name="Net-(U1-Pad15)">
      <node ref="U1" pin="15"/>
    </net>
    <net code="108" name="Net-(U1-Pad16)">
      <node ref="U1" pin="16"/>
    </net>
    <net code="109" name="Net-(U9-Pad4)">
      <node ref="U9" pin="4"/>
    </net>
    <net code="110" name="Net-(U9-Pad3)">
      <node ref="U9" pin="3"/>
    </net>
    <net code="111" name="Net-(U9-Pad5)">
      <node ref="U9" pin="5"/>
    </net>
    <net code="112" name="Net-(U9-Pad7)">
      <node ref="U9" pin="7"/>
    </net>
    <net code="113" name="Net-(U9-Pad9)">
      <node ref="U9" pin="9"/>
    </net>
    <net code="114" name="Net-(U9-Pad1)">
      <node ref="U9" pin="1"/>
    </net>
    <net code="115" name="Net-(U9-Pad10)">
      <node ref="U9" pin="10"/>
    </net>
    <net code="116" name="Net-(U9-Pad11)">
      <node ref="U9" pin="11"/>
    </net>
    <net code="117" name="Net-(U9-Pad12)">
      <node ref="U9" pin="12"/>
    </net>
    <net code="118" name="Net-(U9-Pad14)">
      <node ref="U9" pin="14"/>
    </net>
    <net code="119" name="Net-(U9-Pad15)">
      <node ref="U9" pin="15"/>
    </net>
    <net code="120" name="Net-(U9-Pad16)">
      <node ref="U9" pin="16"/>
    </net>
    <net code="121" name="Net-(D1-Pad2)">
      <node ref="D1" pin="2"/>
      <node ref="R8" pin="1"/>
    </net>
    <net code="122" name="Net-(Q5-PadD)">
      <node ref="Q5" pin="D"/>
      <node ref="R8" pin="2"/>
    </net>
    <net code="123" name="Net-(D6-Pad2)">
      <node ref="D6" pin="2"/>
      <node ref="R21" pin="2"/>
    </net>
    <net code="124" name="Net-(D8-Pad2)">
      <node ref="D8" pin="2"/>
      <node ref="R23" pin="2"/>
    </net>
    <net code="125" name="Net-(D7-Pad2)">
      <node ref="D7" pin="2"/>
      <node ref="R22" pin="2"/>
    </net>
  </nets>
</export>
